{
  "appid": "cli_a76fb3ef2472100c",
  "projectname": "monthly-preparation-fee-summary",
  "setting": {
    "urlCheck": true,
    "es6": true,
    "postcss": true,
    "minified": true,
    "newFeature": true,
    "autoAudits": false,
    "checkInvalidKey": true,
    "checkSiteMap": true,
    "uploadWithSourceMap": true,
    "babelSetting": {
      "ignore": [],
      "disablePlugins": [],
      "outputPath": ""
    }
  },
  "compileType": "miniprogram",
  "libVersion": "2.6.1",
  "packOptions": {
    "ignore": [],
    "include": []
  },
  "condition": {
    "search": {
      "current": -1,
      "list": []
    },
    "conversation": {
      "current": -1,
      "list": []
    },
    "plugin": {
      "current": -1,
      "list": []
    },
    "game": {
      "list": []
    },
    "miniprogram": {
      "current": 0,
      "list": [
        {
          "id": -1,
          "name": "首页",
          "pathName": "pages/index/index",
          "query": ""
        }
      ]
    }
  }
}